<?xml version="1.0" encoding="UTF-8"?>
<project-private xmlns="http://www.netbeans.org/ns/project-private/1">
    <editor-bookmarks xmlns="http://www.netbeans.org/ns/editor-bookmarks/2" lastBookmarkId="0"/>
    <open-files xmlns="http://www.netbeans.org/ns/projectui-open-files/2">
        <group>
            <file>file:/C:/Users/Sam/Documents/GitHub/SOFT252-Coursework/PatientManagementSystem/src/system/Feedback.java</file>
            <file>file:/C:/Users/Sam/Documents/GitHub/SOFT252-Coursework/PatientManagementSystem/src/system/PrescriptionRequest.java</file>
            <file>file:/C:/Users/Sam/Documents/GitHub/SOFT252-Coursework/PatientManagementSystem/src/users/Admin.java</file>
            <file>file:/C:/Users/Sam/Documents/GitHub/SOFT252-Coursework/PatientManagementSystem/src/system/FeedbackRequest.java</file>
            <file>file:/C:/Users/Sam/Documents/GitHub/SOFT252-Coursework/PatientManagementSystem/src/users/User.java</file>
            <file>file:/C:/Users/Sam/Documents/GitHub/SOFT252-Coursework/PatientManagementSystem/src/users/Secretary.java</file>
            <file>file:/C:/Users/Sam/Documents/GitHub/SOFT252-Coursework/PatientManagementSystem/src/guis/AdminFunctions.java</file>
            <file>file:/C:/Users/Sam/Documents/GitHub/SOFT252-Coursework/PatientManagementSystem/src/system/AccountRequest.java</file>
            <file>file:/C:/Users/Sam/Documents/GitHub/SOFT252-Coursework/PatientManagementSystem/src/system/PastAppointment.java</file>
            <file>file:/C:/Users/Sam/Documents/GitHub/SOFT252-Coursework/PatientManagementSystem/src/guis/DoctorFunctions.java</file>
            <file>file:/C:/Users/Sam/Documents/GitHub/SOFT252-Coursework/PatientManagementSystem/src/system/Prescription.java</file>
            <file>file:/C:/Users/Sam/Documents/GitHub/SOFT252-Coursework/PatientManagementSystem/src/guis/PatientFunctions.java</file>
            <file>file:/C:/Users/Sam/Documents/GitHub/SOFT252-Coursework/PatientManagementSystem/src/users/Doctor.java</file>
            <file>file:/C:/Users/Sam/Documents/GitHub/SOFT252-Coursework/PatientManagementSystem/src/system/Appointment.java</file>
            <file>file:/C:/Users/Sam/Documents/GitHub/SOFT252-Coursework/PatientManagementSystem/src/system/MedicineRequest.java</file>
            <file>file:/C:/Users/Sam/Documents/GitHub/SOFT252-Coursework/PatientManagementSystem/src/system/Notification.java</file>
            <file>file:/C:/Users/Sam/Documents/GitHub/SOFT252-Coursework/PatientManagementSystem/src/system/Medicine.java</file>
            <file>file:/C:/Users/Sam/Documents/GitHub/SOFT252-Coursework/PatientManagementSystem/src/users/Patient.java</file>
            <file>file:/C:/Users/Sam/Documents/GitHub/SOFT252-Coursework/PatientManagementSystem/src/guis/SecretaryFunctions.java</file>
            <file>file:/C:/Users/Sam/Documents/GitHub/SOFT252-Coursework/PatientManagementSystem/src/system/AppointmentRequest.java</file>
            <file>file:/C:/Users/Sam/Documents/GitHub/SOFT252-Coursework/PatientManagementSystem/src/guis/Login.java</file>
            <file>file:/C:/Users/Sam/Documents/GitHub/SOFT252-Coursework/PatientManagementSystem/src/system/TerminationRequest.java</file>
        </group>
    </open-files>
</project-private>
